{
	"info": {
		"_postman_id": "65f483c2-67a5-4a38-a9d4-1a3e09a87dd5",
		"name": "Librería – API de Gestión",
		"schema": "https://schema.getpostman.com/json/collection/v2.1.0/collection.json",
		"_exporter_id": "47763217",
		"_collection_link": "https://jairo-montano-9105860.postman.co/workspace/Jairo-Andres-Monta%C3%B1o-Quinteros'~cd2d8390-e993-4fcd-8a18-3aeca566f12c/collection/47763217-65f483c2-67a5-4a38-a9d4-1a3e09a87dd5?action=share&source=collection_link&creator=47763217"
	},
	"item": [
		{
			"name": "Libro",
			"item": [
				{
					"name": "Obtener todos los libros",
					"request": {
						"method": "GET",
						"header": [],
						"url": {
							"raw": "{{base_url}}/libro",
							"host": [
								"{{base_url}}"
							],
							"path": [
								"libro"
							]
						}
					},
					"response": []
				},
				{
					"name": "Crear nuevo libro",
					"request": {
						"method": "POST",
						"header": [
							{
								"key": "Content-Type",
								"value": "application/json"
							}
						],
						"body": {
							"mode": "raw",
							"raw": "{\n    \"titulo\": \"El Hobbit\",\n    \"descripcion\": \"Precuela de El Se\\u00f1or de los Anillos\",\n    \"precio\": 85.5,\n    \"stock\": 10,\n    \"autorId\": 1\n}"
						},
						"url": {
							"raw": "{{base_url}}/libro",
							"host": [
								"{{base_url}}"
							],
							"path": [
								"libro"
							]
						}
					},
					"response": []
				},
				{
					"name": "Actualizar libro",
					"request": {
						"method": "PUT",
						"header": [
							{
								"key": "Content-Type",
								"value": "application/json"
							}
						],
						"body": {
							"mode": "raw",
							"raw": "{\n  \"id\": 2,\n  \"titulo\": \"El Hobbit (Edicion Especial)\",\n  \"descripcion\": \"Version ilustrada\",\n  \"precio\": 95.0,\n  \"stock\": 15,\n  \"autorId\": 1\n}\n"
						},
						"url": {
							"raw": "{{base_url}}/libro/2",
							"host": [
								"{{base_url}}"
							],
							"path": [
								"libro",
								"2"
							]
						}
					},
					"response": []
				},
				{
					"name": "Eliminar libro",
					"request": {
						"method": "DELETE",
						"header": [],
						"url": {
							"raw": "{{base_url}}/libro/1",
							"host": [
								"{{base_url}}"
							],
							"path": [
								"libro",
								"1"
							]
						}
					},
					"response": []
				}
			]
		},
		{
			"name": "Autor",
			"item": [
				{
					"name": "Obtener autores",
					"request": {
						"method": "GET",
						"header": [],
						"url": {
							"raw": "{{base_url}}/autor",
							"host": [
								"{{base_url}}"
							],
							"path": [
								"autor"
							]
						}
					},
					"response": []
				},
				{
					"name": "Crear autor",
					"request": {
						"method": "POST",
						"header": [
							{
								"key": "Content-Type",
								"value": "application/json"
							}
						],
						"body": {
							"mode": "raw",
							"raw": "{\n    \"nombre\": \"Gabriel\",\n    \"apellido\": \"Garcia Marquez\"\n}"
						},
						"url": {
							"raw": "{{base_url}}/autor",
							"host": [
								"{{base_url}}"
							],
							"path": [
								"autor"
							]
						}
					},
					"response": []
				},
				{
					"name": "Eliminar autor",
					"request": {
						"method": "DELETE",
						"header": [],
						"url": {
							"raw": "{{base_url}}/autor/1",
							"host": [
								"{{base_url}}"
							],
							"path": [
								"autor",
								"1"
							]
						}
					},
					"response": []
				}
			]
		},
		{
			"name": "Cliente",
			"item": [
				{
					"name": "Obtener clientes",
					"request": {
						"method": "GET",
						"header": [],
						"url": {
							"raw": "{{base_url}}/cliente",
							"host": [
								"{{base_url}}"
							],
							"path": [
								"cliente"
							]
						}
					},
					"response": []
				},
				{
					"name": "Crear cliente",
					"request": {
						"method": "POST",
						"header": [
							{
								"key": "Content-Type",
								"value": "application/json"
							}
						],
						"body": {
							"mode": "raw",
							"raw": "{\n    \"nombre\": \"Ariel\",\n    \"apellido\": \"Zeballos\",\n    \"email\": \"ariel@example.com\"\n}"
						},
						"url": {
							"raw": "{{base_url}}/cliente",
							"host": [
								"{{base_url}}"
							],
							"path": [
								"cliente"
							]
						}
					},
					"response": []
				},
				{
					"name": "Eliminar cliente",
					"request": {
						"method": "DELETE",
						"header": [],
						"url": {
							"raw": "{{base_url}}/cliente/1",
							"host": [
								"{{base_url}}"
							],
							"path": [
								"cliente",
								"1"
							]
						}
					},
					"response": []
				}
			]
		},
		{
			"name": "Factura",
			"item": [
				{
					"name": "Listar facturas",
					"request": {
						"method": "GET",
						"header": [],
						"url": {
							"raw": "{{base_url}}/factura",
							"host": [
								"{{base_url}}"
							],
							"path": [
								"factura"
							]
						}
					},
					"response": []
				},
				{
					"name": "Crear factura",
					"request": {
						"method": "POST",
						"header": [
							{
								"key": "Content-Type",
								"value": "application/json"
							}
						],
						"body": {
							"mode": "raw",
							"raw": "{\n  \"clienteId\": 1,\n  \"detalles\": [\n    { \"libroId\": 1, \"cantidad\": 2 },\n    { \"libroId\": 2, \"cantidad\": 1 }\n  ]\n}\n"
						},
						"url": {
							"raw": "{{base_url}}/factura",
							"host": [
								"{{base_url}}"
							],
							"path": [
								"factura"
							]
						}
					},
					"response": []
				},
				{
					"name": "Eliminar factura",
					"request": {
						"method": "DELETE",
						"header": [],
						"url": {
							"raw": "{{base_url}}/factura/1",
							"host": [
								"{{base_url}}"
							],
							"path": [
								"factura",
								"1"
							]
						}
					},
					"response": []
				}
			]
		},
		{
			"name": "Filtros",
			"item": [
				{
					"name": "filtros libros",
					"request": {
						"method": "GET",
						"header": [],
						"url": {
							"raw": "{{base_url}}/libro/filter?autor=",
							"host": [
								"{{base_url}}"
							],
							"path": [
								"libro",
								"filter"
							],
							"query": [
								{
									"key": "autor",
									"value": ""
								}
							]
						}
					},
					"response": []
				}
			]
		}
	],
	"event": [
		{
			"listen": "prerequest",
			"script": {
				"type": "text/javascript",
				"packages": {},
				"requests": {},
				"exec": [
					""
				]
			}
		},
		{
			"listen": "test",
			"script": {
				"type": "text/javascript",
				"packages": {},
				"requests": {},
				"exec": [
					""
				]
			}
		}
	],
	"variable": [
		{
			"key": "base_url",
			"value": ""
		}
	]
}